Workbook

Sheet Summary
A1: AI cost model — one month (Atlas worked example, symbolic, October 2026)
A3: Component | B3: Cost (USD) | C3: Share
A4: Inference | B4: ='Inference'!I8 | C4: =B4/$B$11
A5: Provisioned | B5: ='Provisioned'!F6 | C5: =B5/$B$11
A6: Embeddings | B6: ='Embeddings'!D7 | C6: =B6/$B$11
A7: Vector | B7: ='Vector'!E7 | C7: =B7/$B$11
A8: GPU | B8: ='GPU'!G6 | C8: =B8/$B$11
A9: FineTuning | B9: ='FineTuning'!D7 | C9: =B9/$B$11
A10: Satellites | B10: ='Satellites'!D9 | C10: =B10/$B$11
A11: Total | B11: =SUM(B4:B10)
A13: Outcomes this month (e.g. resolved conversations) | B13: 850000
A14: Cost per outcome | B14: =B11/B13
A15: Output share of inference cost | B15: =SUM(Inference!H4:H6)/Inference!I8

Sheet Inference
A1: On-demand tokens by alias. USD per 1M tokens, symbolic, October 2026.
A3: Alias | B3: Model | C3: Input tokens (M) | D3: Output tokens (M) | E3: Input $/1M | F3: Output $/1M | G3: Input cost | H3: Output cost | I3: Total
A4: standard | B4: us.anthropic.claude-sonnet-4-6 | C4: 12000 | D4: 3800 | E4: 3.3 | F4: 16.5 | G4: =C4*E4 | H4: =D4*F4 | I4: =G4+H4
A5: premium | B5: us.anthropic.claude-opus-4-6-v1 | C5: 800 | D5: 300 | E5: 5.5 | F5: 27.5 | G5: =C5*E5 | H5: =D5*F5 | I5: =G5+H5
A6: fast | B6: us.amazon.nova-micro-v1:0 | C6: 40000 | D6: 12000 | E6: 0.035 | F6: 0.14 | G6: =C6*E6 | H6: =D6*F6 | I6: =G6+H6
A8: Total | I8: =SUM(I4:I6)

Sheet Provisioned
A1: Reserved capacity (floors). Paid per model-unit hour whether tokens flow or not.
A3: Floor | B3: Model units | C3: $/MU-hour | D3: Hours | E3: Utilization | F3: Cost | G3: Idle cost
A4: support-chatbot floor | B4: 2 | C4: 31.5 | D4: 730 | E4: 0.63 | F4: =B4*C4*D4 | G4: =F4*(1-E4)
A6: Total | F6: =SUM(F4:F4)

Sheet Embeddings
A1: Generation at ingest and — the sneaky one — regeneration on reindex.
A3: Activity | B3: Tokens (M) | C3: $/1M | D3: Cost
A4: Ingest | B4: 30000 | C4: 0.1 | D4: =B4*C4
A5: Reindex (embedding model upgrade) | B5: 60000 | C5: 0.1 | D5: =B5*C5
A7: Total | D7: =SUM(D4:D5)

Sheet Vector
A1: Vector infrastructure: capacity-shaped money behind a per-request mental model.
A3: Store | B3: Units | C3: $/unit-hour | D3: Hours | E3: Cost
A4: OpenSearch Serverless (OCU, average) | B4: 80 | C4: 0.24 | D4: 730 | E4: =B4*C4*D4
A5: Aurora PostgreSQL (pgvector) | B5: 1 | C5: 9.589 | D5: 730 | E5: =B5*C5*D5
A7: Total | E7: =SUM(E4:E5)

Sheet GPU
A1: Self-hosted model plane (Section 3.2's utilization math as a monthly report).
A3: Fleet | B3: Instances | C3: $/hour | D3: Hours | E3: Storage and other | F3: Utilization | G3: Cost
A4: pilot g5.48xlarge | B4: 1 | C4: 16.288 | D4: 730 | E4: 2110 | F4: 0.31 | G4: =B4*C4*D4+E4
A6: Total | G6: =SUM(G4:G4)

Sheet FineTuning
A1: Training runs plus the dedicated serving a custom model usually requires.
A3: Item | B3: Quantity | C3: Unit cost | D3: Cost
A4: Customization job | B4: 1 | C4: 2000 | D4: =B4*C4
A5: Dedicated serving (month) | B5: 1 | C5: 5000 | D5: =B5*C5
A7: Total | D7: =SUM(D4:D5)

Sheet Satellites
A1: Logs, traces, evaluations (judges burn tokens too) and guardrail text units.
A3: Item | B3: Quantity | C3: Unit cost | D3: Cost
A4: Prompt/response logging (GB-month) | B4: 5000 | C4: 0.5 | D4: =B4*C4
A5: Trace retention (GB-month) | B5: 7000 | C5: 0.5 | D5: =B5*C5
A6: Evaluation judge tokens (M) | B6: 760 | C6: 3.3 | D6: =B6*C6
A7: Guardrail text units (thousands) | B7: 3333 | C7: 0.75 | D7: =B7*C7
A9: Total | D9: =SUM(D4:D7)
